id;code;name;hamlet_name;officer_in_charge;officer_phone;population_count;household_count;boundary_geo_json
1;thorny tensely fathom;joyously;whoa or excitedly;webbed;unless chunder;17847;14610;../fake-data/blob/hipster.txt
2;puff ha;service or aw;naturally;excepting taxicab grass;phew a strictly;5844;20494;../fake-data/blob/hipster.txt
3;unlike gadzooks;although deceivingly annually;failing;meh;uh-huh insistent;3735;16930;../fake-data/blob/hipster.txt
4;even;finally sesame instead;likewise sizzle;pace handsome because;tightly mealy;5010;17690;../fake-data/blob/hipster.txt
5;furthermore above excepting;deer now;snuggle yowza;gullible well beyond;why blissfully since;5243;7868;../fake-data/blob/hipster.txt
6;acidic orange;intelligent;nearly who by;against put sunbathe;emphasize as;32407;20785;../fake-data/blob/hipster.txt
7;ack separate;whereas inasmuch huzzah;searchingly tank whenever;focused;supposing without;23537;31266;../fake-data/blob/hipster.txt
8;sturdy woot;against;amongst under;knowledgeably;queasily;26071;28154;../fake-data/blob/hipster.txt
9;scamper tall;extricate;plus justly;of grandpa;sardonic;18060;27958;../fake-data/blob/hipster.txt
10;before manner especially;boo injunction;between hmph;terribly yahoo cautious;pfft pfft blaspheme;25135;5066;../fake-data/blob/hipster.txt
