id;doc_name;doc_type;household_name;address;status;expiry_date;officer;phone;notes;reminder_sent
1;amidst as;warming;how beyond after;presume;dutiful consequently;unusual friendly;furthermore;0229 1442 0619;../fake-data/blob/hipster.txt;false
2;red cruelly;what;per;but;towards bench intently;so desecrate aw;instead unnecessarily concerning;0276 8283 3878;../fake-data/blob/hipster.txt;false
3;scarily until;even;topsail;justly sugary afore;after thoroughly eek;miskey and ironclad;lively;0213 8432 7669;../fake-data/blob/hipster.txt;false
4;lest qua;yuck psst below;ape clamor;preheat knowledgeably;rim to;oddball unscramble tentacle;loosely;0273 8192 0386;../fake-data/blob/hipster.txt;true
5;meanwhile festival;an;scarily;nor versus ha;how puny an;meanwhile if;uh-huh whether offensively;024 4679 1321;../fake-data/blob/hipster.txt;true
6;phew palate;switchboard triumphantly;opposite pliers incidentally;boo flimsy;knickers;shout magnificent yesterday;inasmuch gust;025 6757 0785;../fake-data/blob/hipster.txt;false
7;perfumed interestingly commonly;pish woot;whenever;swath;sweet;jell firm;brand plugin;025 3653 2314;../fake-data/blob/hipster.txt;false
8;duh ack;unibody who before;consequently faraway;violently now;paralyse noisily engender;when aha decriminalize;innovation zebra;0215 9910 4330;../fake-data/blob/hipster.txt;true
9;meh loftily;wearily;worth;zowie;minor meh;but given down;simplistic bleakly;0251 1221 5481;../fake-data/blob/hipster.txt;false
10;yearly feline peaceful;um reproachfully;or disbar;moist gee pace;phew made-up;unused;vengeful beyond rich;0270 9415 0602;../fake-data/blob/hipster.txt;true
