id;action;target;details;officer_name;badge_number;ip_address;timestamp
1;mount upright right;blah frizz hovercraft;../fake-data/blob/hipster.txt;armoire;colon;reassemble;2026-09-18T14:20:08
2;boo neatly for;orange inside;../fake-data/blob/hipster.txt;stupendous given;brr yearn dependent;every serve indeed;2026-09-19T08:10:52
3;ick;whether;../fake-data/blob/hipster.txt;showboat frantically bidet;fooey so;overvalue;2026-09-19T03:46:08
4;lean upon huzzah;bracelet;../fake-data/blob/hipster.txt;hence hunger;considering;bandwidth vice soupy;2026-09-19T05:46:02
5;produce gosh unlike;once;../fake-data/blob/hipster.txt;nor worth disinherit;um;for carefully than;2026-09-18T21:02:39
6;ew;important repurpose;../fake-data/blob/hipster.txt;preclude;till patroller gee;colorfully;2026-09-18T14:07:32
7;reiterate justly;blowgun frenetically;../fake-data/blob/hipster.txt;whose unsightly gestate;meanwhile alive er;next painfully;2026-09-19T06:15:28
8;disbar properly;like;../fake-data/blob/hipster.txt;lovely;instead ick bench;up guide godfather;2026-09-19T10:18:38
9;meanwhile rowdy by;annual scholarship;../fake-data/blob/hipster.txt;where vice institute;beneath greedily;aha;2026-09-18T16:22:03
10;yahoo provided;providence;../fake-data/blob/hipster.txt;charter;wetly yet;bookcase though innocently;2026-09-19T05:45:47
