house_label,dxf_x,dxf_y,blender_x,blender_y,error_blender_units,alignment_status
10/10A,59.7325,16.6492,82.195,39.744,0.55,within_4_units
10/10C,59.9287,21.3075,78.21,62.684,8.37,review
10/3X,60.3116,16.2694,83.076,33.771,4.37,review
10/3Y,60.0553,16.4118,85.076,37.618,1.56,within_4_units
11/1,59.5774,22.4752,76.311,71.299,7.21,review
11/10A,59.1154,17.0574,79.537,42.385,1.82,within_4_units
11/3D,70.2075,6.7533,147.418,-22.302,1.43,within_4_units
126,64.2263,-0.1076,105.161,-57.129,11.18,review
13/2A,66.6757,4.421,125.419,-36.685,1.5,within_4_units
13/2C,66.9257,4.0761,126.655,-39.063,1.56,within_4_units
13/2E,66.6124,4.6235,125.043,-35.704,1.22,within_4_units
13/2R,66.7991,4.2469,125.877,-37.949,1.56,within_4_units
13/3,66.47,4.9337,124.451,-33.299,1.5,within_4_units
13/3A,66.451,5.1489,124.561,-30.12,3.27,within_4_units
13/3D,66.546,4.7723,124.219,-34.9,1.37,within_4_units
13/3E,66.9099,5.9337,127.7,-29.604,1.24,within_4_units
13/3G,67.1852,5.3514,128.623,-30.876,1.4,within_4_units
13/3H,67.6441,4.5666,131.53,-35.513,1.74,within_4_units
13/3K,67.1061,5.5318,127.319,-28.335,3.01,within_4_units
13/3R,67.565,4.8039,130.561,-33.77,2.17,within_4_units
13/4,57.2514,20.5227,64.243,65.781,1.95,within_4_units
13/6B,68.4637,8.5477,131.137,-6.22,8.35,review
136/1,46.7069,2.7216,0.403,-50.496,2.2,within_4_units
136/1A,48.8557,0.5886,14.647,-65.092,3.27,within_4_units
136/2A,49.1753,0.1329,16.297,-66.918,2.25,within_4_units
136/8,48.65,0.8165,12.623,-62.193,1.78,within_4_units
136/8A,50.669,-0.0475,28.21,-64.057,4.96,review
136/8B,51.3146,0.3038,25.111,-61.249,4.41,review
136/8C,52.1754,0.8291,32.724,-58.34,2.9,within_4_units
136D,47.2005,2.2247,3.433,-54.302,2.58,within_4_units
1396,35.6022,2.1298,-115.151,8.344,74.91,review
1398,34.4376,1.8671,-79.147,-55.012,0.53,within_4_units
14/2A,59.2009,11.8136,79.642,9.227,1.33,within_4_units
14/2E,60.223,11.0509,86.086,5.558,1.83,within_4_units
14/2F,59.8686,10.4117,84.821,2.695,3.4,within_4_units
14/2K,60.4287,9.2123,84.699,-5.524,2.5,within_4_units
14/2L,60.8148,8.9085,85.821,-7.335,3.54,within_4_units
14/2M,57.2957,13.9529,67.505,17.572,5.29,review
14/2P,58.9192,12.3041,74.277,15.34,3.88,within_4_units
14/4A,67.4289,12.0921,131.245,9.939,1.07,within_4_units
14/4B,67.527,11.9433,158.668,20.355,29.13,review
14/5,57.8907,18.6872,72.819,50.707,3.65,within_4_units
1422,31.1938,6.8483,-98.084,-21.641,2.56,within_4_units
1424,31.5609,7.0065,-96.939,-26.991,5.18,review
1428,30.966,8.1837,-103.86,-17.667,3.87,within_4_units
1430,30.5387,8.6838,-103.754,-11.992,1.07,within_4_units
1432,30.6717,8.5192,-104.188,-15.306,3.08,within_4_units
1434,30.3805,9.1205,-106.593,-10.364,2.21,within_4_units
1440,29.4153,10.2946,-111.176,-2.794,1.9,within_4_units
1450,28.4248,12.5288,-118.501,10.701,2.63,within_4_units
1452,28.238,12.8579,-118.051,13.548,2.18,within_4_units
1454,28.026,13.2567,-119.244,15.637,2.65,within_4_units
1456,27.8868,13.4655,-120.588,18.174,1.4,within_4_units
1458,27.6589,13.7472,-121.482,19.517,2.11,within_4_units
1460,27.1684,13.7978,-126.647,22.317,1.12,within_4_units
1462,26.9057,14.0795,-129.949,34.125,11.18,review
1486,25.3899,17.0416,-139.221,44.509,3.04,within_4_units
1488,25.45,17.4941,-140.354,46.389,3.6,within_4_units
1492,25.0671,18.4498,-126.734,51.315,12.78,review
1494,24.9152,18.7853,-143.959,51.846,3.71,within_4_units
1496,24.6304,19.0543,-142.37,56.071,1.2,within_4_units
1498,24.4183,19.5321,-146.183,59.282,2.86,within_4_units
15/3,59.0426,13.6839,77.088,23.067,2.09,within_4_units
15/3B,65.5491,1.7849,127.364,-55.511,8.45,review
15/4,55.4065,8.4211,56.838,-18.039,6.04,review
15/5F,50.2418,5.9242,22.595,-29.663,1.72,within_4_units
15/5G,57.7578,8.9116,71.431,-8.803,2.38,within_4_units
15/5H,57.4002,8.7059,69.322,-10.099,2.55,within_4_units
15/5N,58.0869,9.1142,74.343,-6.905,3.34,within_4_units
15/5Y,55.7799,9.9939,56.889,-4.688,2.13,within_4_units
150/1A,32.0514,5.9052,-87.903,-39.907,12.97,review
150/1B,32.1369,5.3356,-93.221,-33.708,1.55,within_4_units
150/1C,32.6559,5.2976,-92.417,-35.576,3.13,within_4_units
150/1D,36.0863,2.4621,-73.971,-52.545,5.21,review
150/2D,33.7382,3.1045,-85.534,-46.757,1.51,within_4_units
150/3,31.6843,6.2565,-96.819,-29.84,3.16,within_4_units
1500,24.2,20.0068,-144.536,59.18,1.84,within_4_units
1502,24.2949,19.7188,-148.019,58.782,3.58,within_4_units
1504,23.7474,19.6556,-147.692,61.721,3.03,within_4_units
151/1,30.9976,7.8736,-98.241,-23.89,8.21,review
151/2A,30.7318,8.1932,-101.863,-14.131,1.42,within_4_units
151/5,29.7064,10.6237,-117.849,12.833,14.17,review
1510,23.8898,20.5385,-148.338,64.914,1.41,within_4_units
1512,23.4151,20.8138,-150.333,68.634,2.56,within_4_units
1514/4,29.6875,19.4815,-112.701,53.46,4.96,review
152/1,29.2507,11.149,-113.626,2.57,2.11,within_4_units
152/2,28.8583,11.6997,-115.975,9.569,1.73,within_4_units
152/2G,29.5419,15.0732,-110.655,31.862,2.35,within_4_units
152/3,28.7317,11.8927,-125.408,24.906,18.25,review
152/4,28.5007,12.456,-111.706,2.211,12.11,review
153/2,27.488,13.2408,-122.925,21.308,3.66,within_4_units
153/4,27.3108,14.3516,-123.487,24.764,1.67,within_4_units
154/11,26.7348,18.9467,-131.969,50.766,4.63,review
154/3,29.409,19.3517,-112.394,57.603,0.97,within_4_units
154/4,29.1779,19.2283,-113.913,56.646,0.87,within_4_units
154/6H,21.9024,16.9308,-160.099,43.082,1.83,within_4_units
154/7B,25.8108,18.5384,-137.096,53.363,2.92,within_4_units
154/8,21.6778,17.8644,-163.446,49.41,3.16,within_4_units
154/9,21.279,18.146,-134.565,49.779,29.12,review
155/1B,25.7222,19.3074,-128.86,58.745,6.86,review
155/1C,25.412,19.1049,-135.139,54.678,2.24,within_4_units
155/3,24.7601,18.8612,-140.58,53.234,0.99,within_4_units
155/4,24.624,19.2252,-144.708,54.066,3.03,within_4_units
155/4A,24.4025,19.3201,-143.74,57.986,1.42,within_4_units
155/5B,25.2411,20.8265,-129.311,59.667,11.21,review
156/1,23.6841,20.6081,-150.134,66.146,2.24,within_4_units
16/2,50.0139,6.2343,21.12,-28.413,2.23,within_4_units
16/3A,48.881,7.323,16.173,-24.836,6.29,review
16/4E,59.4002,-0.2437,82.916,-66.178,3.6,within_4_units
16/4F,58.8053,0.4589,81.107,-62.22,5.31,review
16/6A,58.6818,10.5224,70.233,0.237,4.83,review
16/6C,64.989,0.4051,111.555,-64.167,3.86,within_4_units
16/6E,62.2674,-1.3197,93.206,-74.6,4.83,review
16/6K,64.3339,-0.0158,108.515,-67.031,2.77,within_4_units
16/6M,60.9889,1.1962,86.636,-55.702,4.37,review
16/6N,64.7516,0.2658,110.551,-65.038,3.35,within_4_units
16/6S,64.5839,0.1456,108.898,-65.97,3.95,within_4_units
164/1,24.8867,21.6398,-139.548,70.345,1.54,within_4_units
164/1A,25.1082,21.3771,-125.778,56.211,19.09,review
164/1B,25.5133,21.9689,-127.38,56.424,19.44,review
165/3,26.2633,20.6113,-133.18,66.931,2.46,within_4_units
165/4,26.5766,20.1208,-131.194,63.386,2.12,within_4_units
165/5,26.4405,20.3296,-132.327,65.181,2.65,within_4_units
166/1,26.8076,19.5986,-128.218,58.204,0.26,within_4_units
166/2,26.9057,19.5068,-153.237,52.022,26.09,review
166/3,27.2887,19.1935,-128.718,52.417,4.77,review
166/3C,27.257,18.8233,-125.147,52.689,0.84,within_4_units
166/3D,27.3646,18.5954,-124.807,51.291,0.69,within_4_units
166/3H,28.0767,18.5384,-120.558,52.482,0.89,within_4_units
166/4,26.2665,19.2283,-133.216,59.037,3.32,within_4_units
166/5,26.0228,19.6587,-134.811,61.069,2.7,within_4_units
167/1,25.7728,19.9752,-136.281,63.17,2.71,within_4_units
167/2,25.5418,20.3075,-137.502,64.625,2.01,within_4_units
17/15,53.4349,13.1174,40.127,12.475,5.04,review
17/4B,58.8053,6.6362,76.406,-25.784,1.89,within_4_units
17/4C,58.8749,6.4495,79.416,-26.622,3.43,within_4_units
17/5Y,57.1185,8.5224,67.056,-11.412,2.05,within_4_units
17/6,45.2005,7.7755,-10.691,-15.342,1.54,within_4_units
17/6B,52.9823,11.4465,39.867,5.624,1.58,within_4_units
17/6D,50.0329,12.0288,17.5,14.313,4.62,review
17/6G,48.9601,9.899,13.931,-0.847,2.59,within_4_units
17/6R,53.2134,11.5826,41.996,7.059,1.92,within_4_units
17/6S,52.4697,11.0921,36.394,0.491,4.02,review
17/6V,48.5867,12.8484,7.202,14.556,3.54,within_4_units
17/6X,49.0677,12.8579,10.965,14.678,2.86,within_4_units
17/8C,48.4727,9.5382,10.962,-2.806,2.96,within_4_units
17/8D,51.8178,11.9149,33.099,9.128,1.94,within_4_units
17/8E,52.1532,12.1269,35.026,11.109,1.67,within_4_units
17/8K,44.0549,16.3865,-18.285,40.209,2.14,within_4_units
17/8V,53.957,13.3706,47.609,17.437,3.13,within_4_units
17/9B,46.6974,8.5414,2.062,-8.17,5.14,review
17/9C,50.8399,12.6364,23.795,16.327,2.42,within_4_units
170/10,39.8238,4.5128,-44.54,-35.307,2.52,within_4_units
170/10A,39.194,4.1583,-47.322,-36.984,3.57,within_4_units
170/10B,38.406,3.6552,-51.564,-38.871,5.11,review
170/11,37.7003,3.326,-56.534,-42.142,3.88,within_4_units
170/13,37.1085,2.9621,-60.854,-44.535,3.54,within_4_units
170/9,41.3871,5.5223,-32.481,-28.283,4.08,review
170/9A,43.308,6.6394,-5.489,-44.395,26.79,review
170/9C,42.539,6.1552,-27.614,-24.92,2.32,within_4_units
170/9E,41.0263,5.1679,-37.198,-30.784,2.78,within_4_units
170/9F,40.6782,4.9938,-39.691,-32.755,1.9,within_4_units
170/9G,40.27,4.7596,-41.898,-33.882,2.32,within_4_units
175/8,27.6115,18.2536,-121.943,52.178,2.73,within_4_units
18/1,49.0582,13.4212,-7.043,15.91,20.9,review
18/15,46.2543,15.4434,-11.863,30.041,7.82,review
18/17,45.0296,15.2124,-18.175,35.319,7.68,review
18/5R,58.6724,6.8356,75.951,-24.598,2.11,within_4_units
18/5V,59.5806,6.5919,80.41,-23.349,0.99,within_4_units
180/3A,36.1465,15.0004,-55.837,30.099,12.99,review
180/7,39.8175,15.0004,-50.501,30.503,5.3,review
181/9,47.3904,15.2124,-4.06,31.51,7.06,review
190/10,49.6658,16.3042,17.663,38.492,0.92,within_4_units
190/14,49.6943,15.7979,17.642,35.459,1.09,within_4_units
190/6,49.6626,16.7219,17.613,40.471,0.28,within_4_units
190/7,48.7196,15.1459,1.873,31.487,9.63,review
190/8,49.6658,16.5384,17.639,39.642,0.58,within_4_units
22,55.1058,3.2596,33.647,-34.632,21.61,review
23/5A,50.9855,11.0509,28.906,6.728,3.98,within_4_units
23/5B,50.6089,10.7946,23.857,4.528,2.09,within_4_units
23/5H,49.8715,12.2566,41.423,38.269,34.83,review
23/5K,50.1848,11.8009,19.867,10.505,1.88,within_4_units
23/5Y,49.6595,12.6237,14.011,14.731,3.49,within_4_units
23/6,50.3525,11.5478,20.823,9.056,2.08,within_4_units
26/10,58.0964,11.8452,72.09,6.825,2.55,within_4_units
2A,60.1407,-0.826,80.293,-73.069,4.43,review
31/3A,69.9131,5.5191,146.002,-29.883,1.33,within_4_units
31/3B,68.5872,4.7628,134.786,-27.845,8.71,review
31/3C,69.6441,5.2628,144.425,-30.701,2.01,within_4_units
33/3C,55.8115,20.7474,57.503,64.966,1.38,within_4_units
33/3D,56.7388,19.8264,63.144,59.482,0.91,within_4_units
33/3G,56.8052,21.0227,60.528,69.665,3.06,within_4_units
33/4B,56.8717,19.703,80.457,53.132,18.18,review
33/4C,58.3907,18.3264,74.233,49.199,1.81,within_4_units
33/4G,54.3843,19.7283,49.841,56.698,3.64,within_4_units
33/4H,58.4287,19.4087,76.895,60.716,4.81,review
33/4Y,55.6628,20.8898,56.394,66.132,1.08,within_4_units
34/5,71.8784,13.6079,162.572,18.483,4.01,review
36/5G,59.4572,15.6333,95.84,35.813,16.1,review
36/5K,61.7389,16.2821,94.746,36.69,0.94,within_4_units
36/6,59.8338,16.1871,78.781,36.654,3.55,within_4_units
37/1,63.3244,14.0858,103.942,24.012,0.79,within_4_units
37/1E,63.1187,13.3991,102.58,20.175,1.2,within_4_units
37/1H,61.8212,12.1997,95.285,14.259,2.72,within_4_units
37/1N,62.1978,12.5763,97.112,15.778,1.85,within_4_units
37/1T,63.0016,13.9624,101.998,23.206,0.68,within_4_units
37/1Y,62.106,11.2851,92.882,11.863,7.33,review
37/2,65.5016,11.3737,107.475,18.049,16.12,review
37/2B,56.3242,17.5542,61.976,45.992,2.09,within_4_units
37/2Q,63.5554,12.7345,102.47,14.13,3.73,within_4_units
37/3,63.3085,13.5605,144.316,24.106,39.99,review
37/5A,66.6441,10.4623,115.5,-8.929,14.0,review
38/2,70.1252,5.7027,147.177,-28.633,1.49,within_4_units
38/2E,69.372,7.4939,140.0,-15.45,4.4,review
38/2H,69.7264,7.1616,142.992,-18.412,3.29,within_4_units
39/10K,53.0646,18.3992,40.866,51.396,1.8,within_4_units
39/11K,52.9285,18.1175,35.507,45.155,4.89,review
39/12K,52.4823,17.7789,39.207,49.105,4.33,review
39/13,52.6406,17.8485,34.157,44.23,3.96,within_4_units
39/13K,52.2703,17.6334,31.907,42.33,4.34,review
39/14K,52.0741,17.4371,-129.904,31.22,163.27,review
39/15K,51.9159,17.3359,38.357,47.305,7.26,review
39/16K,51.7956,17.2125,36.237,45.874,5.76,review
39/17K,51.6342,17.0384,31.132,41.555,1.36,within_4_units
39/3,70.3087,5.8989,148.694,-27.722,1.01,within_4_units
39/4,61.6471,15.2694,93.265,38.223,7.12,review
39/4B,59.8623,16.6048,64.161,57.558,25.64,review
39/6A,55.5204,20.9341,41.611,61.98,14.14,review
39/6B,56.1375,20.4024,59.65,62.913,1.32,within_4_units
39/6E,56.3274,20.2442,60.691,61.854,1.24,within_4_units
39/6F,59.2262,20.491,75.544,59.035,6.09,review
39/6G,57.7704,20.0828,61.288,60.959,7.87,review
39/6K,53.9096,19.222,45.796,55.541,1.49,within_4_units
39/7,58.7863,17.0036,71.898,41.682,3.76,within_4_units
39/7K,53.7102,19.0574,44.416,54.546,1.37,within_4_units
39/8,59.1091,16.7504,73.838,40.554,3.85,within_4_units
39/8C,51.3937,17.5321,30.107,40.43,5.29,review
39/8K,53.5488,18.9182,43.141,53.495,1.26,within_4_units
39/9K,53.3526,18.7283,42.116,52.596,1.28,within_4_units
40/3,53.1437,19.3866,36.923,55.864,3.04,within_4_units
40/7,53.5773,19.8296,39.773,59.064,2.8,within_4_units
41/1,52.5583,18.8296,33.623,53.189,2.32,within_4_units
41/2,52.3906,18.7188,30.13,53.469,4.69,review
41/2B,52.1121,18.779,30.794,54.181,2.36,within_4_units
41/3,51.9095,18.1397,28.846,48.842,2.94,within_4_units
41/5,51.9222,18.3802,31.893,50.731,0.16,within_4_units
42/6,51.6659,19.0954,27.069,53.206,3.82,within_4_units
43,51.2671,5.2185,28.999,-36.54,3.64,within_4_units
44/2C,45.5549,7.9369,-7.788,-13.831,2.19,within_4_units
46/10,56.6755,19.2885,57.957,52.289,6.09,review
46/10K,50.9791,15.2251,17.549,31.307,8.31,review
46/11,55.6153,18.3581,53.596,47.293,3.91,within_4_units
46/13,57.5363,18.7473,66.337,50.195,3.34,within_4_units
46/8,52.1184,15.2504,26.102,31.029,7.0,review
46/8B,61.4161,16.6207,121.648,31.56,30.36,review
46/8C,61.6345,16.4118,92.583,38.896,1.31,within_4_units
46/8D,61.5237,16.5131,94.129,37.371,1.98,within_4_units
46/8F,55.8527,18.6144,55.198,49.104,3.71,within_4_units
46/8G,56.1628,19.0005,62.85,56.28,4.22,review
46/8H,56.0362,18.8676,59.462,53.917,1.41,within_4_units
46/8T,56.2799,19.1176,60.505,54.564,1.39,within_4_units
46/8Y,57.3527,18.5416,65.105,48.931,3.32,within_4_units
46/9,56.8464,19.453,56.733,50.729,9.57,review
47/5A,56.666,17.8802,60.757,45.062,2.98,within_4_units
47/5B,56.4793,17.7315,92.469,32.137,34.8,review
47/5C,56.9255,18.1144,59.776,43.925,6.62,review
47/5F,59.5679,13.9212,82.921,19.944,3.43,within_4_units
47/5M,61.3053,13.6427,92.139,23.299,2.58,within_4_units
47/5N,60.7167,13.9845,88.898,20.143,2.93,within_4_units
47/5T,60.8591,13.6649,88.746,22.992,2.11,within_4_units
47/5Y,57.1597,18.3422,63.6,47.496,3.58,within_4_units
47/6,57.9856,15.4371,68.207,34.211,3.1,within_4_units
48/1,57.7071,15.7757,66.733,41.436,7.4,review
48/11,59.5901,16.4213,77.294,38.078,3.49,within_4_units
48/3,57.4666,16.589,68.344,39.324,1.15,within_4_units
48/8,57.7103,16.7916,63.679,41.697,5.16,review
48/9,58.2673,17.1618,67.428,51.601,9.75,review
49/16,49.6531,17.1017,11.636,29.618,14.27,review
49/2,68.1536,2.2374,137.436,-50.12,2.62,within_4_units
50/1,55.4697,20.8075,55.463,67.05,1.23,within_4_units
50/1B,64.4795,7.3641,108.123,-7.251,12.65,review
50/1K,63.8877,9.2407,104.732,-9.384,4.09,review
50/1V,64.2326,8.8895,111.281,-10.518,1.27,within_4_units
50/5,58.9508,8.7565,78.79,-9.941,2.09,within_4_units
50/5A,59.242,8.9369,71.463,-16.93,10.46,review
50/5B,56.1723,9.1806,59.368,-9.944,2.19,within_4_units
50/5C,50.5456,7.4179,24.954,-20.058,2.05,within_4_units
50/5D,48.3082,7.7945,0.745,-16.025,8.16,review
50/5E,49.8715,8.2059,23.872,-13.463,5.06,review
50/5G,58.9603,7.7755,76.053,-16.013,1.05,within_4_units
50/5H,58.8116,7.9844,74.706,-14.465,1.49,within_4_units
50/5K,58.3812,7.2154,74.494,-22.18,2.32,within_4_units
50/5N,58.0932,7.8388,77.027,-9.466,8.93,review
50/5X,58.3211,7.3768,73.297,-20.915,1.74,within_4_units
51/1,57.5616,7.8926,69.916,-14.874,2.29,within_4_units
51/1A,59.2768,7.1679,83.825,-20.885,4.97,review
51/1B,59.5078,6.8324,79.56,-22.337,0.87,within_4_units
51/1D,57.0141,7.6869,67.672,-16.578,3.33,within_4_units
51/1F,59.3781,6.9907,79.026,-21.2,0.7,within_4_units
51/3C,51.3652,8.0224,24.291,-16.172,4.2,review
52/3C,50.0645,9.2597,20.512,-5.58,1.81,within_4_units
52/3D,50.1721,9.8262,23.128,-4.017,2.4,within_4_units
52/3E,51.362,10.4781,29.707,-0.149,1.5,within_4_units
52/3G,53.5456,11.8104,44.524,8.391,2.35,within_4_units
52/3K,51.6152,10.6775,31.954,-3.966,6.04,review
52/3N,54.6311,9.9053,49.694,-4.869,1.77,within_4_units
52/3Q,50.976,10.3104,28.044,-1.368,2.3,within_4_units
52/3X,51.745,8.8325,31.423,-10.992,1.14,within_4_units
52/3Z,51.4064,8.2755,26.312,-14.793,2.61,within_4_units
52/4,49.5076,6.5128,19.397,-26.611,3.34,within_4_units
52/4F,52.0108,5.9748,34.791,-29.674,2.67,within_4_units
52/4G,51.8589,6.1837,32.526,-27.973,1.42,within_4_units
52/4Y,49.4474,9.4148,18.031,-6.922,1.99,within_4_units
52/5A,46.0929,7.0666,-11.085,-22.863,6.02,review
52/5B,45.4916,6.7597,9.963,-18.53,19.64,review
52/5Y,48.1025,8.3008,8.871,-16.465,3.26,within_4_units
52/6,47.3208,7.8799,-2.155,-17.826,5.01,review
53/5F,50.4728,5.728,24.912,-31.645,2.83,within_4_units
55/11,56.6122,16.8327,64.862,42.272,3.34,within_4_units
56/3B,52.4032,8.2692,35.536,-14.29,0.85,within_4_units
56/3G,52.8273,7.7787,28.559,-13.427,9.74,review
56/3K,52.0962,8.5445,33.841,-12.51,1.02,within_4_units
56/3T,52.5045,8.1426,36.677,-15.192,1.28,within_4_units
56/3X,51.5266,8.9021,30.763,-9.851,1.39,within_4_units
56/3Z,52.2355,8.4179,34.912,-13.462,1.26,within_4_units
59,48.593,7.5413,12.53,-19.459,2.16,within_4_units
6/5,50.5899,13.244,21.548,7.226,11.01,review
6/7,50.7449,13.0003,22.819,17.879,2.05,within_4_units
620/23,54.109,19.3961,46.495,56.516,1.13,within_4_units
620/25,54.2197,19.5511,47.441,57.771,1.14,within_4_units
620/50,51.7988,18.0321,27.596,47.767,3.55,within_4_units
620/52,51.6026,17.8612,27.187,46.526,2.8,within_4_units
64/6A,51.1057,6.7976,31.111,-20.119,5.26,review
64/6C,50.8114,7.209,26.872,-22.651,3.01,within_4_units
644/13,60.3908,21.8012,73.721,68.507,12.83,review
644/21,58.992,20.2094,75.108,55.401,7.44,review
644/22,58.4951,21.4309,71.061,64.43,6.54,review
644/9,61.2041,22.7601,81.277,65.735,16.37,review
66/5,57.3749,1.5633,64.933,-59.287,3.47,within_4_units
66/5C,52.3557,5.6995,37.18,-32.057,3.19,within_4_units
66/5D,56.6723,1.3133,59.686,-55.132,3.86,within_4_units
66/5E,56.2672,1.7057,128.188,26.787,107.02,review
66/5F,54.321,3.6836,51.495,-45.716,5.09,review
66/5H,53.0994,4.9242,43.395,-38.85,5.52,review
66/5K,53.7007,4.2533,47.256,-42.547,5.14,review
66/5L,52.7323,5.3261,39.572,-34.576,3.27,within_4_units
66/5M,58.0901,1.2247,66.395,-56.254,5.45,review
66/5P,57.0331,1.1931,62.321,-57.596,2.55,within_4_units
70/1A,55.3147,10.9433,54.09,1.035,2.49,within_4_units
70/1B,55.2134,11.1712,53.776,2.849,2.25,within_4_units
70/4,54.7704,9.649,50.833,-6.26,1.64,within_4_units
70/8,54.9507,9.4306,48.178,-6.979,3.16,within_4_units
75/16,59.5933,16.8137,81.576,40.237,1.08,within_4_units
76,55.2229,12.763,55.943,15.058,3.01,within_4_units
9/7K,59.7104,18.3929,77.068,53.762,5.21,review
9/9K,59.954,18.6144,81.164,49.437,3.56,within_4_units
